hostname,hasFingerprinting,hasSecurityAttribute,blocked
videosdeputas.xxx,false,false,false
coolpc.com.tw,false,false,false
reimu.net,false,false,false
mericasads.com,false,false,true
samatika.com,false,false,false
sm.de,false,false,false
freep.com,false,false,false
bnf.fr,false,false,false
yooying.com,false,false,false
kissdrama.club,false,true,false
zedge.net,false,false,false
ecourts.gov.in,false,false,false
gorodrabot.ru,false,false,false
5movies.to,false,true,false
imperial.ac.uk,false,false,false
ticketfly.com,false,false,false
allover30.com,false,false,false
za.gl,false,false,false
putlockers.fm,false,true,false
buenastareas.com,false,true,false
epey.com,false,false,false
bookfi.net,false,false,false
filmstarts.de,false,false,false
aconvert.com,false,false,false
address.gov.sa,false,false,false
twrp.me,false,false,false
webmasterplan.com,true,false,true
franceculture.fr,false,false,false
komputerswiat.pl,false,false,false
xcar.com.cn,false,false,false
unal.edu.co,false,false,false
pinterest.cl,false,false,false
90sheji.com,false,false,false
cdkeys.com,true,false,false
pearvideo.com,false,false,false
matamata.com,false,false,false
medi1tv.ma,false,false,false
fanlibang.com,false,false,false
steamcharts.com,false,false,false
benesse.ne.jp,false,false,false
snob.ru,true,false,false
eu.freep.com,false,false,false
tothemaonline.com,true,false,false
torrentsearchweb.cc,false,false,false
kinonews.ru,false,false,false
bpiexpressonline.com,false,false,false
comicbookmovie.com,false,false,false
didestan.com,true,true,false
yiibai.com,false,false,false
p-bandai.jp,false,false,false
bankier.pl,true,false,false
hoopchina.com.cn,false,false,false
f5haber.com,false,false,false
300mbfilms.co,false,false,false
cedyna.co.jp,false,false,false
lifehacker.jp,true,false,false
citibank.com,true,true,false
ad.benesse.ne.jp,false,false,false
asx.com.au,false,false,false
cloudforce.com,false,false,false
nba.hupu.com,false,false,false
vsemayki.ru,false,false,false
chinaweiyu.com,false,false,false
online.citi.com,true,true,false
en.bookfi.net,false,false,false
netvibes.com,false,false,false
installflesh3.com,false,false,false
expedia.de,false,false,true
rulentanew.com,false,false,false
codecguide.com,false,false,false
proporn.com,false,false,false
hastanerandevu.gov.tr,false,false,false
rgho.st,false,false,false
salesforce.com,false,false,false
elephant-ads.com,false,false,false
coffetube.com,false,false,false
mdsaude.com,false,false,false
flightrising.com,false,false,false
newdaynews.ru,true,true,false
8xfilms.me,true,true,false
bdo.com.ph,false,false,false
tettybetty.com,true,true,false
rlsnet.ru,false,false,false
duxiu.com,false,false,false
10jqka.com.cn,false,false,false
osha.gov,false,false,false
soescola.com,false,false,false
mp3mine.com,false,false,false
milfzr.com,true,true,false
twilog.org,false,false,false
www1.flightrising.com,false,false,false
brandsoftheworld.com,false,false,false
garena.vn,false,false,false
viuly.io,true,false,false
syrahost.com,false,false,false
gdm.or.jp,false,false,false
grapee.jp,false,false,false
mo.gov,false,true,false
mag2.com,false,false,false
sokmil.com,true,true,false
anz.co.nz,false,false,false
mailtrack.io,false,false,false
em.com.br,false,false,false
povar.ru,false,false,false
freemusicarchive.org,false,false,false
podbean.com,false,false,false
kodi.tv,false,false,false
joox.com,true,true,false
speed-open2.com,false,false,false
lelong.com.my,true,false,false
kmplayer.com,false,false,false
crazydomains.com.au,false,false,false
qpdownload.com,false,false,false
nirsoft.net,false,false,false
indiaresults.com,false,false,false
reserved.com,false,false,false
hmv.co.jp,false,false,false
adultwork.com,false,false,false
rmz.cr,false,false,false
r2games.com,false,false,false
jvpnews.com,true,true,false
yabaleftonline.ng,false,false,false
voiranime.tv,false,false,true
piraeusbank.gr,false,true,false
mrexcel.com,false,false,false
sc518.com,false,false,false
feedspot.com,false,false,false
prisjakt.nu,false,false,false
myfedloan.org,false,false,false
4gamers.com.tw,false,false,false
missouri.edu,false,false,false
netizenbuzz.blogspot.com,false,false,false
tigerdirect.com,false,false,false
vakifbank.com.tr,false,false,false
pinkoi.com,false,false,false
smarturl.it,true,true,false
liveonlineradio.net,false,false,false
chrono.gg,true,true,false
samaa.tv,false,false,false
dartmouth.edu,false,false,false
metrotvnews.com,false,false,false
pfrf.ru,false,false,false
ke.com,false,false,false
manage.smarturl.it,true,true,false
convio.net,false,false,false
extrastores.com,true,false,false
home.dartmouth.edu,false,false,false
deakin.edu.au,false,false,false
mediamarkt.pl,true,false,true
en.pinkoi.com,false,false,false
convio.com,false,false,false
flv2mp3.by,false,false,false
smm.cn,false,false,false
tomsguide.fr,true,true,false
autobild.de,false,false,false
catracalivre.com.br,true,false,false
senate.gov,false,false,true
jupyter.org,false,false,false
pornomovies.com,false,false,false
bananamall.co.kr,false,false,false
grabon.in,false,false,false
countryliving.com,false,false,false
ttu.edu,false,false,false
shagle.com,true,false,false
viceland.com,false,false,false
seeklogo.com,false,false,false
depor.com,false,false,false
tcsion.com,false,false,false
resellerclub.com,false,false,false
rainews.it,false,false,false
surfline.com,false,false,false
storetorrents.com,false,false,false
libertatea.ro,true,false,false
tunefind.com,true,true,false
tgmgo.com,false,false,false
saorg.ir,false,false,false
vfsvisaonline.com,false,false,false
usa.gov,false,false,false
metacafe.com,false,false,false
chowhound.com,false,false,false
epainassist.com,false,false,false
woxikon.de,false,false,false
oabt004.com,false,false,false
anonymz.com,false,false,false
orlandosentinel.com,false,false,false
justice.gov,false,false,false
sq.cn,false,false,false
playbuzz.com,false,false,false
newsday.com,false,false,false
chyxx.com,false,false,false
tuniscope.com,false,false,false
picclick.co.uk,false,false,false
miwifi.com,false,false,false
hvg.hu,true,false,false
cnhubei.com,false,false,false
webaula.com.br,false,false,false
morele.net,true,false,false
urcosme.com,false,false,false
etao.com,false,true,false
clasohlson.com,true,false,false
lesoir.be,false,false,false
phonandroid.com,true,true,false
xuk.mobi,false,false,false
mindbodygreen.com,true,false,false
wikiloc.com,false,false,false
sololearn.com,false,false,false
voegol.com.br,true,true,false
nagariknetwork.com,false,false,false
threedrive.su,false,false,false
c4dsky.com,false,false,false
126.net,false,false,false
moh.gov.sa,false,false,false
melodrama1.com,false,false,false
amaporn.com,false,false,false
nzz.ch,false,false,false
arbitr.ru,false,false,false
wago.io,false,false,false
iloveimg.com,false,false,false
electrek.co,false,false,false
securecode.com,false,false,false
ab4hr.com,false,false,false
en-gage.net,false,false,false
zip-extractor.appspot.com,false,false,false
elliberal.com.ar,false,false,false
norisbank.de,false,false,false
serienjunkies.org,false,false,false
promodj.com,false,false,false
cfainstitute.org,false,false,false
epinv.com,false,false,false
alight.com,false,false,false
telecharger-videos-youtube.com,false,false,false
timesofisrael.com,false,false,false
typingtest.com,false,false,false
myportfolio.com,false,false,false
mercadolibre.com.ec,true,false,false
mastercard.us,false,false,false
coolors.co,false,false,false
chanel.com,false,false,false
gledalica.com,false,true,false
extratorrent.si,false,false,false
duote.com,false,false,false
briian.com,false,false,false
damai.cn,false,true,false
neoseeker.com,false,false,false
nicmusic.net,false,false,false
daftporn.com,false,false,false
oriflame.ru,true,false,false
royalcaribbean.com,false,false,false
politfox.ru,false,false,true
microsoftcasualgames.com,false,false,false
tomovie.net,false,false,false
mediotiempo.com,false,false,false
portfolio.adobe.com,false,true,false
postype.com,false,false,false
telnavi.jp,false,false,false
download.com.vn,false,false,false
educacao.uol.com.br,true,false,false
variflight.com,false,false,false
teamup.com,false,false,false
spcs.me,false,true,false
cartooncrazy.net,false,false,true
okaytab.com,false,false,false
islamway.net,false,false,false
shape.com,false,false,true
akhbaralaan.net,false,false,false
digitalplayground.com,false,false,false
phoenixads.co.in,false,false,false
mrvideospornogratis.xxx,false,false,false
ugr.es,false,false,false
apost.com,false,false,false
emis.gov.eg,false,false,false
acg18.us,false,false,false
riperam.org,false,false,true
sovets.net,false,false,false
ar.islamway.net,false,false,false
techinasia.com,false,true,false
ilovematlab.cn,false,false,false
meishij.net,false,false,false
plaisio.gr,false,false,false
home8080.cn,false,false,false
heart.org,false,false,false
karnataka.gov.in,false,false,false
officeholidays.com,false,false,false
auchan.fr,false,false,false
500.com,false,false,false
sebrae.com.br,false,false,false
mcmaster.ca,false,false,false
lolking.net,false,false,false
tvtc.gov.sa,false,false,false
wayfair.ca,true,true,true
downsub.com,true,false,false
genbeta.com,false,false,false
tikona.in,false,false,false
noticias24.com,false,false,false
charter97.org,false,false,false
hochi.co.jp,false,false,false
lasestrellas.tv,true,false,false
abidjan.net,false,false,false
xinnet.com,false,false,false
wyndhamhotels.com,false,false,true
haixombia.com,false,false,false
pagesperso-orange.fr,false,false,false
appdatum.com,false,false,false
gaoqingkong.com,false,false,false
easyfileconvert.com,false,false,true
prodigygame.com,false,false,false
hostinger.com,true,true,false
pp.auto.ke.orange.fr,false,false,false
rawqq.com,false,true,false
shopstyle.co.uk,false,true,false
llbean.com,false,false,false
shareasale-analytics.com,false,false,false
apkhome.net,false,false,false
sosh.fr,false,false,false
gooool.org,false,false,false
gyakorikerdesek.hu,false,false,false
drive.ru,false,false,false
85nian.net,false,false,false
anibis.ch,false,true,false
hdlava.me,false,false,false
clevelandclinic.org,false,false,false
givingassistant.org,true,false,false
royallib.com,false,false,false
shareasale.com,false,false,false
avid.com,false,false,false
opodo.de,false,false,false
filmesetorrent.net,false,false,false
global.llbean.com,false,false,false
hhs.gov,false,false,false
sportsnet.ca,false,false,false
wook.pt,true,false,false
olx.com.ar,true,false,true
my.clevelandclinic.org,false,false,false
malaysiaairlines.com,true,true,false
dr.com.tr,false,false,false
laizquierdadiario.com,false,false,false
game.co.uk,true,false,false
medcom.id,false,false,false
bestlifeonline.com,true,true,false
luxuretv.com,false,false,false
boards.ie,false,false,true
wartaekonomi.co.id,false,false,false
aspor.com.tr,false,false,false
mineduc.cl,false,false,false
puzzle-english.com,false,false,false
pornerbros.com,false,false,false
olx.com.ve,false,false,true
6play.fr,false,false,false
tipico.de,false,false,false
egloos.com,false,false,false
juspay.in,false,false,false
twistedporn.com,false,false,false
syr.edu,false,false,false
tipico.fr,false,false,false
ge.com,false,false,true
90min.com,true,true,false
tomshw.it,true,true,false
emc.com,false,false,false
cnsat.net,false,false,false
top-feed.ru,false,false,false
jjgirls.com,false,false,false
unknowncheats.me,false,false,false
syracuse.edu,false,false,false
mrrebates.com,false,false,false
play.pl,false,false,false
xunyingwang.com,false,false,false
sce.com,false,false,false
rbc.ua,true,true,false
convert-video-online.com,false,false,false
deichmann.com,true,true,false
alodoctor.com,false,false,false
arynews.tv,false,false,false
dellemc.com,false,false,false
dongqiudi.com,false,false,false
psychcentral.com,false,false,false
sayidaty.net,false,false,false
lidovky.cz,true,false,false
supload.com,false,false,false
srt.am,false,false,false
cairn.info,false,false,true
ondemandkorea.com,false,false,false
login.gov,false,false,false
fineartamerica.com,false,false,false
williams-sonoma.com,false,false,false
photoshop-master.ru,false,false,false
megabus.com,false,true,false
ytthn.com,false,false,false
huffingtonpost.kr,false,false,false
ru-clip.net,true,true,false
ped-kopilka.ru,false,false,false
chromium.org,false,false,false
owlcation.com,false,false,false
trannytube.tv,false,false,false
opinionsample.com,false,false,false
findprice.com.tw,false,false,false
9xmovies.org,false,false,false
kiwireport.com,true,true,false
vintage-erotica-forum.com,true,true,false
cztorrent.net,false,false,false
imperiya.by,false,false,false
cnscg.com,false,false,false
zoombangla.com,false,false,false
flightclub.com,true,false,false
lulus.com,true,true,false
pmi.org,false,false,false
tportal.hr,true,false,false
tracker.cztorrent.net,false,false,false
newspapers.com,false,false,false
jus.com.br,false,false,false
1be.biz,false,false,false
speak-up.io,false,false,false
sz.gov.cn,false,false,false
yupoo.com,false,false,false
halifax.co.uk,false,false,true
clipzui.com,false,true,false
syfy.com,true,true,false
chinadigitaltimes.net,false,false,false
educacion.gob.es,false,false,false
dhnet.be,true,false,false
robertsspaceindustries.com,true,true,false
barneys.com,false,false,true
pctonics.com,false,false,false
adac.de,false,false,false
obec.go.th,false,false,false
vcg.com,true,false,false
tokyo2020.org,false,false,false
bakeca.it,false,false,false
icann.org,false,false,false
obi.de,true,false,false
id97.com,false,false,false
mecd.gob.es,false,false,false
psnprofiles.com,false,false,false
siol.net,false,false,false
pornodingue.com,true,true,false
nla.gov.au,false,false,false
skladchina.biz,false,false,false
web-ace.jp,false,false,false
garena.tw,false,false,false
pacogames.com,false,false,false
mapion.co.jp,false,false,false
finecomb.com,false,false,false
boxil.jp,false,false,false
cineca.it,false,false,false
myorderbox.com,false,false,false
globalreachtech.com,false,false,false
apple.news,false,false,false
civilica.com,false,false,false
ruralvia.com,false,false,false
videomore.ru,false,false,false
cgsociety.org,false,false,false
harley-davidson.com,false,false,true
shafa.ua,false,false,false
thehackernews.com,false,false,false
yunfile.com,false,false,false
myshows.me,false,false,false
flyeralarm.com,true,true,false
blutv.com.tr,true,false,false
appsflyer.com,true,false,false
level3.com,true,false,false
hypixel.net,false,false,false
vc.ru,true,false,false
sgk.gov.tr,false,false,false
pravda.ru,false,false,false
apple.com,false,false,false
eghtesadonline.com,false,false,false
alwadifa-maroc.com,false,false,false
tim.com.br,false,false,false
ponparemall.com,false,false,false
paidonlinesites.com,false,false,false
guo.media,false,false,false
meitulu.com,false,false,false
07073.com,false,false,false
labnol.org,false,false,false
kinguin.net,true,false,true
orsoon.com,false,false,false
cadenaser.com,false,false,false
tenplay.com.au,false,false,false
golfchannel.com,false,false,false
kitty-kats.net,false,false,false
trourted.pro,false,false,false
egexa.com,false,false,false
the-cinema.club,false,false,false
sofilmeshd.net,false,true,false
resizeimage.net,false,false,false
hearthstonetopdecks.com,false,false,false
yimg.com,false,false,false
ttinteractive.com,false,false,false
tubewee.com,false,false,false
arenabg.com,true,false,false
flixbus.de,true,true,false
aj1110.online,false,false,false
estrenosby.net,false,true,false
earthquaketrack.com,false,false,false
majorgeeks.com,false,false,true
oneman.gr,true,false,false
onclickrev.com,false,false,false
idianfa.com,false,false,false
pushmobilenews.com,false,false,false
fastspring.com,true,false,false
gestiopolis.com,false,false,false
ebgames.ca,false,true,false
teleman.pl,false,false,false
litmos.com,false,false,false
google.com,false,false,false
bigstockphoto.com,true,false,false
112.ua,false,true,false
systempay.fr,false,false,false
powershow.com,false,false,false
zapmeta.com.br,false,false,false
tepintehui.com,false,false,false
poringa.net,false,false,false
natixis.com,false,false,false
teknosa.com,true,false,false
culturacolectiva.com,false,false,false
pansoso.com,false,false,false
dumpert.nl,false,false,false
blueseek.com,false,false,false
adfoc.us,false,false,false
gmanga.me,false,false,false
4porn.com,false,false,false
ingdirect.it,false,false,false
campaign-archive.com,false,false,false
se.pl,true,true,false
jeurissen.co,false,false,false
merojax.tv,false,false,false
eligasht.com,false,false,false
pstatic.net,false,false,false
douploads.com,false,false,false
taishinbank.com.tw,false,false,false
hellporno.com,false,false,false
fazmusic.site,false,false,false
cumicumi.com,false,false,false
kwork.ru,false,false,false
utk.edu,false,false,false
synonym.com,true,true,false
sverigesradio.se,false,false,false
gotoknow.org,false,false,false
carlos.jeurissen.co,false,false,false
whatculture.com,false,false,false
listverse.com,false,false,false
bloomberg.co.jp,false,true,false
fc2blog.us,false,false,false
naver.com,false,false,false
zongheng.com,false,false,false
platinaline.com,false,false,false
beautifultrendstoday.com,true,true,false
zacks.com,false,false,false
blog.fc2.com,false,false,false
imgfile.net,false,false,false
qazal.net,false,false,false
tosinso.com,false,false,false
poppen.de,true,false,false
vidlox.tv,false,false,false
betazongheng.com,false,false,false
google.mn,false,false,false
mid.ru,false,false,false
se.com.sa,false,false,false
streamjav.net,true,false,false
dpd.de,false,false,false
imgvip.net,false,false,false
instyle.com,false,false,false
networksolutions.com,false,false,false
getyourguide.com,true,true,false
oscaro.com,false,false,false
quizizz.com,false,false,false
tchibo.de,true,false,false
upoint.id,true,false,false
dpd.com,false,false,false
guidegame.vn,false,false,false
naftemporiki.gr,false,false,false
zuojiaju.com,false,false,false
car-moby.jp,false,false,false
cinetux.to,false,true,false
bitsco.in,false,false,false
torrentmegafilmes.com,false,false,false
antfin-inc.com,false,false,false
qoo10.com,false,false,false
adverts.ie,false,false,false
30nama.fun,false,false,false
nielsen.com,false,false,false
head-fi.org,false,false,false
grtyo.com,false,false,false
matichon.co.th,false,false,false
settrade.com,false,false,false
xxxvideos247.com,true,true,false
1bestarinet.net,false,false,false
god-boss.net,false,false,false
betterfap.com,false,false,false
comdotgame.com,false,false,false
igxe.cn,false,false,false
rabobank.nl,false,false,false
infojobs.com.br,false,false,false
uchile.cl,false,false,false
btp.moe.gov.my,false,false,false
nrttv.com,false,false,false
desk.com,false,false,false
igromania.ru,false,false,false
30nama.win,false,false,false
login.squarespace.com,false,true,false
ktla.com,false,false,false
predictiondisplay.com,false,false,false
lavoz.com.ar,true,false,false
revolico.com,false,false,false
e-shop.gr,false,false,false
cqvip.com,false,false,false
wotsite.net,false,false,false
strato.de,false,false,false
dwindly.io,false,false,false
learncbse.in,false,false,false
ebc.com.br,false,false,false
kat.rip,false,true,false
silkroad.com,false,false,false
angularjs.org,false,false,false
vorkers.com,false,false,true
symplicity.com,false,false,false
storenvy.com,true,false,false
sh.gov.cn,false,false,false
78dm.net,false,false,false
myswitzerland.com,false,false,false
supersport.com,false,false,false
free-power-point-templates.com,true,true,false
udel.edu,false,false,false
clickjogos.com.br,true,false,false
shanghai.gov.cn,false,false,false
mon.gov.ua,false,false,false
cau.edu.cn,false,false,false
pravoved.ru,false,false,false
buyersdrive.com,false,false,false
tv.com,false,false,false
filmesonlinehd7.cc,false,true,false
jobinja.ir,false,false,false
javstore.net,false,false,false
fl.ru,false,false,false
kimovil.com,false,false,false
crnobelo.com,false,false,false
fortinet.com,true,false,false
joann.com,false,false,false
gigacircle.com,false,false,false
sbazar.cz,true,true,false
stitcher.com,false,false,false
asiamiles.com,true,true,false
utah.gov,false,false,false
questionfly.com,false,false,false
picstate.com,false,false,false
tz.de,true,false,false
trovit.com,false,false,false
tw.gigacircle.com,false,true,false
rbi.org.in,false,false,false
sexhubhd.com,false,false,false
perueduca.pe,false,false,false
cliver.tv,false,false,false
vicente-news.com,false,false,false
translated.net,false,false,false
afi-b.com,false,false,false
tube2012.com,false,false,false
goethe.de,false,false,false
cointiply.com,false,false,false
ets2.lt,false,false,false
elle.ru,false,false,false
nsp.gov.in,false,false,false
wikium.ru,false,false,false
bizfluent.com,true,true,false
very.co.uk,true,true,false
kmart.com,true,false,false
flyflv.com,true,true,false
kairalinewsonline.com,false,false,false
265.com,false,false,false
myrecipes.com,false,false,false
osdn.jp,false,false,false
leadpages.net,true,false,false
hyperactivz.com,true,true,false
webgains.com,false,false,false
useloom.com,false,false,false
virtualworldsland.com,false,false,false
oc-afc.site,false,false,false
insight.co.kr,false,false,false
acrobat.com,false,false,false
wageworks.com,false,false,false
sjsu.edu,false,false,false
1and1.es,true,false,false
gall-tarquin.com,false,false,false
express.com,true,true,true
news.am,false,false,false
nastyvideotube.com,false,false,false
ja.osdn.net,false,false,false
gingersoftware.com,false,false,false
numbeo.com,false,false,false
veseriesonline.com,false,false,false
ansarbank.com,false,false,false
bestchange.ru,false,false,false
18qt.com,false,false,false
arubanetworks.com,false,false,false
tvboxnow.com,false,false,false
acrobat.adobe.com,false,false,false
tripadvisor.co.za,false,false,false
brilliant.org,false,false,false
altadefinizione01.zone,false,true,false
handycafe.com,false,false,false
smo333.com,true,true,false
iaai.com,false,false,false
korzik.net,false,false,false
minds.com,false,false,false
lihkg.com,true,false,false
myunidays.com,false,true,false
altadefinizione01.film,false,true,false
juniper.net,false,false,false
onlineocr.net,false,false,false
eadaily.com,true,false,false
xunta.es,true,true,false
rutor.is,false,false,false
siilu.com,false,false,false
anu.edu.au,false,false,false
sirsi.net,false,false,false
goldcarpet.cn,false,false,false
xunta.gal,true,true,false
trudvsem.ru,false,false,false
happy-porn.com,false,false,false
mobile.free.fr,false,false,false
myamcat.com,false,false,false
teratail.com,false,false,false
smbcnikko.co.jp,false,false,true
moshahda.online,false,false,false
wtmtrack.com,false,false,false
ancestry.co.uk,false,true,false
daz3d.com,false,false,false
minutouno.com,false,false,false
pgyer.com,false,false,false
biography.com,false,false,false
elephanttube.com,false,false,false
shinobi.jp,false,false,false
hsn.com,false,false,false
redbrain.shop,false,false,false
dospara.co.jp,false,false,false
bauhaus.info,false,false,false
moneysupermarket.com,false,false,false
translit.net,false,false,false
revcontent.com,false,false,false
eurowings.com,true,true,false
native-instruments.com,true,true,false
dilbert.com,false,false,false
tudocelular.com,false,false,false
fpsc.gov.pk,false,false,false
telkom.co.za,false,false,false
balenciaga.com,false,false,false
baixarseriesmp4.com,false,false,false
hatenadiary.com,false,false,false
just-eat.co.uk,false,true,false
pge.com,false,false,false
eventhubs.com,false,false,false
baixarseriesmp4.org,false,false,false
perfectmoney.is,false,false,false
x1337x.ws,false,false,true
info.com,false,false,false
hatenablog.com,false,false,false
weather.com.cn,false,false,false
couponfollow.com,true,true,true
hackaday.com,false,false,false
health.com,false,false,false
verblife-2.co,false,false,false
series9.io,false,false,false
quidco.com,false,true,false
caichongwang.com,false,false,false
wipro.com,false,false,false
1000.menu,false,false,false
fshare.vn,true,false,false
chuansong.me,false,false,false
ymovies.tv,false,true,false
repelisplus.ch,false,false,false
hi-pda.com,false,false,false
uwa.edu.au,false,false,false
nlcafe.hu,false,false,false
ideapod.com,false,false,false
www2.series9.io,false,false,false
blogs.sapo.pt,false,false,false
tourister.ru,false,false,false
fssprus.ru,false,false,false
egaliteetreconciliation.fr,false,false,false
hollywoodlife.com,true,false,false
westlaw.com,false,false,false
bitflyer.com,true,true,false
rosuchebnik.ru,false,false,false
quickheal.com,false,false,false
hasznaltauto.hu,true,false,false
kenyans.co.ke,false,false,false
utilitooltech.com,false,false,false
pazar3.mk,false,false,false
mercedes-benz.com,false,false,false
corel.com,false,false,false
sheshaft.com,false,false,false
tanwan.com,false,false,false
signon.thomsonreuters.com,false,false,false
mediaite.com,false,false,false
portal.utilitooltech.com,false,false,false
mtb.com,false,false,false
bombuj.eu,true,false,false
fashionguide.com.tw,false,false,false
bashirian.biz,false,false,false
i-harness.com,false,false,false
toroporno.com,false,false,false
fx678.com,true,false,false
travelchinaguide.com,false,false,false
seodollars.com,false,false,false
ncsecu.org,false,false,false
wideads.com,false,false,false
sita.aero,false,false,false
hornet.com,false,false,false
theintercept.com,false,false,false
playcast.ru,false,false,false
qaynarinfo.az,false,false,false
waze.com,false,false,false
warez-bb.org,false,false,false
safeway.com,false,true,true
devexpress.com,false,false,false
chotot.com,false,false,false
6parker.com,false,false,false
novaskin.me,false,true,false
slidescarnival.com,false,false,false
adespresso.com,true,false,false
sonos.com,false,false,false
pap.fr,false,false,false
profinance.ru,false,false,false
9111.ru,false,false,false
bizpacreview.com,true,true,false
osapublishing.org,false,false,false
site.6parker.com,false,false,false
chevrolet.com,false,false,false
baku.ws,false,false,false
startlap.hu,false,false,false
descubrelo.la,false,false,false
merkur.de,true,true,false
alyamanalaraby.com,false,false,false
cj.com,false,false,false
utdallas.edu,false,false,false
vhlcentral.com,false,false,false
financesonline.com,false,false,false
maketecheasier.com,false,false,false
nic.ir,false,false,true
rtings.com,false,false,false
athenahealth.com,false,false,false
mpg.de,true,true,false
jeuxjeuxjeux.fr,false,false,false
myperfectresume.com,false,false,false
dinside.no,false,false,false
uestc.edu.cn,false,false,false
az.baku.ws,false,false,false
al.com,true,false,false
ledauphine.com,true,false,false
locanto.net,false,false,false
derpibooru.org,false,false,false
pegasuswebco.com,false,false,false
yoo7.com,false,false,false
qianzhan.com,false,false,false
sendong.com,false,false,false
swedbank.lv,false,false,false
minecraft-mp.com,false,false,false
zameen.com,false,false,false
kiss-anime.me,false,false,true
crutchfield.com,false,false,false
ddl-warez.to,false,false,true
radiofarda.com,false,false,false
2nafare.com,false,false,false
blizzard.cn,false,false,false
wi.gov,false,false,false
wisconsin.gov,false,false,false
disput.az,false,false,false
offcn.com,false,false,false
worldfree4u.ws,false,true,false
2banh.vn,false,false,false
10times.com,false,false,false
indgovtjobs.in,false,false,false
liverpoolfc.com,true,false,false
vesload.com,false,true,false
cybozulive.com,false,false,false
mobinnet.ir,true,false,false
battlenet.com.cn,false,false,false
altin.in,false,false,false
51test.net,false,false,false
prepinsta.com,false,false,false
cbse.nic.in,false,false,false
offers.com,false,false,false
chinesean.com,false,false,false
capgemini.com,true,false,false
fakings.com,false,false,false
caeddigital.net,false,false,false
seslisozluk.net,false,false,false
kinja.com,false,false,false
thepiratebay.online,false,false,false
glamour.com,false,false,false
mojifen.com,false,false,false
alukah.net,false,false,false
xn--41a.ws,false,false,false
cajamar.es,false,false,false
fujitsu.com,false,false,false
list.am,false,false,false
slideserve.com,false,false,false
alberta.ca,false,false,false
askmen.com,false,false,false
correos.es,true,false,false
flightsearchapp.com,false,false,false
youngpornvideos.com,true,false,false
wallpapercave.com,false,false,false
192-168-1-1ip.mobi,false,false,false
colonelcassad.livejournal.com,false,false,false
lenkino.video,false,false,false
thaiairways.com,false,true,false
greatergood.com,false,false,false
newsis.com,false,false,false
tsumino.com,true,true,false
uk.askmen.com,false,false,false
leju.com,false,true,false
glamourparis.com,false,false,false
domru.ru,false,false,false
onclickpulse.com,false,false,false
seoul.go.kr,false,false,false
vodafone.co.uk,true,false,false
uts.edu.au,false,false,false
sunhome.ru,false,false,false
fzmovies.net,false,true,false
vitkac.com,false,false,false
indiankanoon.org,false,false,false
javpop.com,false,false,false
thputr.pro,false,false,false
patefon.net,false,false,false
songtexte.com,true,true,false
audiobar.net,false,false,false
royalgames.com,false,false,false
ap.org,false,false,false
bzwbk.pl,false,false,false
bj.leju.com,false,true,false
rufilmtv.club,false,true,false
tudelft.nl,false,false,false
nch.com.au,false,false,false
haber61.net,false,false,false
gmgard.com,false,false,false
psarips.com,true,true,false
eurosportplayer.com,false,false,false
sims3pack.ru,false,false,false
airbnb.jp,true,false,false
junglescout.com,true,false,false
mdbootstrap.com,false,false,false
santander.pl,false,false,false
dmitory.com,false,false,false
oasgames.com,true,true,false
tfp.is,true,true,false
hiqq.com.cn,false,false,false
minghui.org,false,false,false
swf.ir,false,false,false
720vt.com,false,false,false
nn.ru,false,false,false
bestandfree.com,false,false,false
game-debate.com,false,false,false
streamate.com,false,false,false
ulozto.cz,false,false,false
justfly.com,true,false,false
csulb.edu,false,false,false
microsoftstore.com.cn,false,false,false
upvid.mobi,false,false,false
confirmit.com,true,false,false
keeplinks.club,false,false,false
yurticikargo.com,false,false,false
internations.org,false,false,false
superflix.net,true,false,false
couponcabin.com,false,false,true
plexop.net,false,false,false
ualexa.com,false,false,false
state.mn.us,false,false,false
join.me,true,true,false
tradeadexchange.com,false,false,false
etryi.pro,false,false,false
tanx.com,false,true,false
oliveboard.in,false,false,false
greatdexchange.com,false,false,false
bluemix.net,false,false,false
offersuperhub.com,false,false,false
ssaa.ir,false,false,false
enbank.net,false,false,false
ek.ua,false,false,false
flixbus.com,true,true,false
blacked.com,true,false,false
tamilgun.tips,false,false,false
mn.gov,false,false,false
avery.com,true,false,false
bina.az,false,false,false
viagogo.com,false,false,false
net-empregos.com,false,false,false
clubfactory.com,false,false,false
manga-zone.org,false,false,false
daily.co.jp,false,false,false
animeskai.com,true,false,false
console.bluemix.net,true,true,false
settour.com.tw,true,true,false
enbank.ir,false,false,false
ant.design,true,false,false
clipwatching.com,false,false,false
chromecj.com,false,false,false
gfpornvideos.com,false,false,false
afilmywap.club,false,false,false
animesonlinekai.com,true,false,false
openoffice.org,false,false,false
yts.gs,false,false,false
xo.gr,false,true,true
adidas.ru,true,true,true
mnregaweb4.nic.in,false,false,false
rarbgaccessed.org,false,false,true
afilmywap.live,false,false,false
wholefoodsmarket.com,false,false,false
szu.edu.cn,false,false,false
stopmusic.net,false,false,false
youtubeto.com,false,true,false
legifrance.gouv.fr,false,true,false
brasil247.com,false,false,false
c4d.cn,true,false,false
depositfiles.org,false,false,false
anaconda.com,false,false,false
titlovi.com,false,true,false
raiffeisen.ch,true,true,false
arabtourist.net,false,false,false
cricketaddictor.com,false,false,false
skribbl.io,false,false,false
elementor.com,true,true,false
inet.ir,true,true,false
colorcodedlyrics.com,false,false,false
hdsky.me,true,true,false
adultswim.com,true,true,false
hubspot.net,false,false,false
kogan.com,true,false,false
wunderino.com,false,false,false
dfiles.eu,false,false,false
torproject.org,false,false,false
yesbank.co.in,false,false,false
s7.ru,false,false,false
frame.io,true,false,false
truthfinder.com,false,false,false
rarlab.com,false,false,false
enallaktikidrasi.com,false,false,false
pcastuces.com,false,false,false
tagesanzeiger.ch,true,true,false
guns.ru,false,false,false
yesbank.in,false,false,false
audiofanzine.com,false,false,false
khamenei.ir,false,false,false
kmcert.com,false,false,false
pa.gov,false,false,false
forumhouse.ru,false,false,false
linkcaptcha.net,false,true,false
arabdict.com,false,false,false
8684.cn,false,false,false
minkou.jp,false,false,false
forum.guns.ru,false,false,false
interwetten.com,false,true,false
loveplanet.ru,false,false,false
expedia.co.uk,false,false,true
aramex.com,false,false,false
stonybrook.edu,false,false,false
public.fr,false,false,false
soccervista.com,false,false,false
kongfz.com,false,false,false
ccchoo.com,false,false,false
sarpoosh.com,false,false,false
5-tv.ru,true,true,false
reargooduches.pro,false,false,false
free-cloud-storage.com,false,false,false
coomeet.com,false,false,false
mybroadband.co.za,false,false,false
scikit-learn.org,false,false,false
sqlservercentral.com,false,false,false
ethermine.org,false,false,false
downloadhelper.net,false,false,false
audible.co.uk,false,false,false
research.net,false,false,false
marocannonces.com,false,false,false
kino.de,true,true,false
meusresultados.com,false,false,false
qaru.site,false,false,false
glassdoor.co.uk,false,false,false
wooordhunt.ru,false,false,false
ishuhui.com,false,false,false
fr.research.net,false,false,false
ilpost.it,false,false,false
jansatta.com,false,false,false
10fastfingers.com,false,false,false
cooltext.com,false,false,false
tecnoblog.net,false,false,false
hortonworks.com,false,false,false
oecd.org,false,false,false
3dsky.org,false,false,false
seatguru.com,false,false,false
greatist.com,true,true,false
tandaseru.id,false,false,false
lambingan.su,false,false,false
bankinter.com,false,false,false
indusind.com,false,false,false
unesp.br,false,false,false
crsky.com,false,false,false
dota2.com,false,false,false
gistmania.com,false,false,false
firstcry.com,true,false,false
ganool.si,false,false,false
mpgh.net,false,false,true
120ask.com,true,false,true
matchtv.ru,false,false,false
kremlin.ru,false,false,false
cineaste.co.kr,false,false,false
jameda.de,false,false,false
cruisefever.net,false,false,false
paylocity.com,false,false,true
comedyportal.net,false,false,false
moodle.org,false,false,false
www2.unesp.br,false,false,false
bollywoodshaadis.com,false,false,false
coolblue.be,true,true,false
eldorar.com,false,false,false
pnet.co.za,false,false,false
poseidonhd.net,false,true,false
comingsoon.it,false,false,false
googlesource.com,false,false,false
66cruises.com,false,false,false
pelisplanet.com,false,false,false
ganol.st,true,false,false
pytorch.org,false,false,false
opensource.google.com,false,false,false
halkbank.com.tr,false,false,false
trend.az,false,false,false
wacom.com,false,false,false
whitehouse.gov,false,false,false
cliffsnotes.com,false,false,false
adult-empire.com,false,false,false
saucenao.com,false,false,false
theathletic.com,false,false,false
alibabacloud.com,false,true,false
sonxeber.az,false,false,false
ad.nl,true,true,false
tchhelpdmn.xyz,false,false,false
seviporno.net,false,false,false
ykt.ru,false,false,false
redtube.com.br,false,false,false
ndl.go.jp,false,false,false
viamichelin.fr,true,true,false
motherjones.com,false,false,false
fedoraproject.org,false,false,false
lyon.kim,false,false,false
appleinsider.com,true,true,false
en.trend.az,false,false,false
chinapornmovie.com,false,false,false
parlamentnilisty.cz,true,true,false
hehuit.com,false,false,false
hubpages.com,false,false,false
ojcfdofzbk9yik290l.com,false,false,false
redfox100.com,false,false,false
getfedora.org,false,false,false
nadorcity.com,false,false,false
tube2017.com,false,false,false
minkch.com,false,false,false
yizhuan5.com,false,false,false
cobrafilm.club,false,false,false
ahaber.com.tr,false,false,false
cochinshipyard.com,false,false,false
mediaad.org,true,false,false
pleer.ru,false,false,false
megapesni.me,false,false,false
tubeoffline.com,false,false,false
poradnikzdrowie.pl,false,false,false
pdfonline.com,false,false,false
allure.com,true,true,false
gm.com,false,false,false
doramasmp4.com,true,false,false
scambioetico.org,false,false,false
masaladesi.com,false,false,false
valueresearchonline.com,false,false,false
anthem.com,true,true,true
87gt2.com,false,false,false
cancer.org,false,false,false
mp4.ir,true,true,false
india.gov.in,false,false,false
gamerch.com,false,false,false
www1.doramasmp4.com,true,false,false
imx.to,false,false,false
blackdesertm.com,false,false,false
abercrombie.com,false,false,true
hugedomains.com,false,false,false
brt.it,false,false,false
trenced.com,false,false,false
draxe.com,true,false,false
espn.in,false,false,false
uta.edu,false,false,false
thebay.com,true,true,true
t24.com.tr,false,false,false
kanasoku.info,false,false,false
analog.com,false,false,false
varsitytutors.com,false,false,false
joindetox.info,false,false,false
koreaboo.com,true,false,false
state.nj.us,false,false,false
wikitree.co.kr,false,false,false
blueporns.com,false,false,false
questdiagnostics.com,false,false,false
easyaq.com,false,false,false
dorkly.com,false,false,false
liverpoolecho.co.uk,true,true,false
microchip.com,false,false,false
nykaa.com,false,false,true
wikireading.ru,false,false,false
auth-gateway.net,false,false,false
eiga.com,false,false,false
hsbianma.com,false,false,false
duke-energy.com,false,false,false
asianetnews.com,false,false,false
amiami.com,false,false,false
president.jp,false,false,false
kathimerini.gr,false,false,false
16xx8.com,false,false,false
lapresse.ca,false,false,false
vipkid.com.cn,false,false,false
jharkhand.gov.in,false,false,false
jecontacte.com,false,false,false
upbom.net,false,false,false
hukumonline.com,true,false,false
kwejk.pl,true,false,false
rueducommerce.fr,false,false,true
safeurl.net,false,false,false
vedantu.com,false,false,false
dailyfx.com,false,false,false
indiafilings.com,false,false,false
oreillyauto.com,true,true,false
townhall.com,true,true,false
empregoemangola.net,false,false,false
snahp.it,false,false,false
kaspersky.ru,false,false,false
aleteia.org,false,false,false
xdomain.jp,false,false,false
cmoa.jp,false,false,false
flashx.co,true,false,false
isitdownrightnow.com,false,false,false
fomos.kr,false,false,false
metacrawler.com,false,false,false
findgofind.org,false,false,false
stagram.com,false,false,false
starwoodhotels.com,true,false,false
xdomain.ne.jp,false,false,false
ampverified.com,false,false,false
download.ir,false,false,false
checkstageone.com,false,false,false
okanime.com,true,false,false
affairscloud.com,false,false,false
your-surveys.com,true,false,false
hotellook.com,false,false,false
adwhit.com,false,false,false
web.stagram.com,false,false,false
haaretz.com,false,false,false
filmesaz.com,true,false,false
pstatp.com,false,false,false
bloombergquint.com,false,false,false
libyaakhbar.com,false,false,false
vip.wordpress.com,false,false,false
kariera.gr,false,false,false
webtretho.com,true,true,false
legendei.com,false,true,false
newatlas.com,false,false,false
myss.club,false,false,false
turkcell.com.tr,false,false,false
patagonia.com,true,false,false
abc.gov.ar,false,false,false
evilangel.com,true,true,false
bitdefender.com,false,false,false
asm.org,false,false,false
seesaw.me,false,false,false
marriott.com,true,true,false
wanfangdata.com.cn,false,false,false
livescore.in,false,false,false
nts.org.pk,false,false,false
draftkings.com,true,false,false
mofos.com,false,false,false
web.seesaw.me,false,false,false
faucethub.io,false,false,false
baeldung.com,false,false,false
tvm.com.mt,true,false,false
upantool.com,false,false,false
bitdefender.fr,false,false,false
sreality.cz,true,true,false
novafile.com,false,false,false
watchsomuch.info,false,false,false
thejournal.ie,false,false,false
uptostream.com,false,false,false
addapinch.com,false,false,false
uib.no,false,false,false
paruvendu.fr,false,false,false
unibet.com,false,false,false
streamkiste.tv,false,false,false
venmo.com,false,false,false
taoguba.com.cn,false,false,false
archdaily.cn,false,false,false
coinsbank.com,false,false,false
niezalezna.pl,false,false,false
banatstylegames.com,true,true,false
coolenjoy.net,false,false,false
gear4music.com,false,false,false
onthehub.com,false,false,false
thriftbooks.com,true,true,true
buyee.jp,false,false,false
chuangkit.com,false,false,false
news1.kr,false,false,false
hrblock.in,false,false,false
alison.com,false,false,false
daft.ie,true,false,false
boards.net,false,false,true
geogebra.org,false,false,false
stitchfix.com,false,false,false
tabor.ru,false,false,false
meraki.com,true,false,false
ncert.nic.in,false,false,false
metabomb.net,false,false,false
pubg.com,false,false,false
uoregon.edu,false,false,false
carzoom.in,false,false,false
shazoo.ru,false,false,false
gamejolt.com,false,false,false
filmapik.ca,false,false,false
bigthink.com,false,false,false
speakingtree.in,false,false,false
coderanch.com,false,false,false
mirrorace.com,false,false,false
aeolservice.es,false,false,false
ero-video.net,false,false,false
xserver.ne.jp,false,false,false
tomsk.ru,false,false,false
multiup.org,false,false,false
stores.jp,false,false,true
hungama.com,false,false,false
meraki.cisco.com,true,false,false
sejda.com,false,false,false
sfacg.com,false,false,false
zr.ru,false,false,false
voirfilm.ws,false,false,false
vikatan.com,false,false,false
yeniemlak.az,false,false,false
anyanime.com,false,true,false
fuskator.com,false,false,false
zbporn.com,false,false,false
axshare.com,false,false,false
subway.com,false,false,false
life.hu,true,true,false
humoron.com,false,false,false
share.axure.com,false,false,false
ww3.anyanime.com,false,true,false
dasoertliche.de,false,false,false
admarketplace.net,false,false,false
9to5google.com,false,false,false
dibamovie1.com,false,false,false
vivareal.com.br,false,false,false
anonymousnews.ru,false,false,false
tilda.ws,false,false,false
topcashback.com,false,false,false
google.la,false,false,false
ethiojobs.net,false,false,false
admarketplace.com,false,false,false
jobbole.com,false,false,false
cutwin.us,false,false,false
tp-link.com.cn,false,false,false
le10sport.com,false,false,false
tilda.cc,false,false,false
laravel-china.org,false,false,false
ku.dk,false,false,false
vesti.bg,false,false,false
fio.cz,false,false,false
cafemom.com,false,false,false
natalie.mu,false,false,false
freebuf.com,false,true,false
frontier.com,false,false,false
filmopotok.ru,true,false,false
metrodeal.com,false,false,false
datatables.net,false,false,false
edeng.cn,false,false,false
fender.com,false,false,false
newalbumreleases.net,false,false,false
bbvafrances.com.ar,false,false,false
thetoptens.com,false,false,false
crateandbarrel.com,true,true,true
decathlon.es,false,true,false
shon.xyz,false,false,false
steamdb.info,false,false,false
en-hyouban.com,false,false,false
indane.co.in,false,false,false
doramy.su,false,false,false
unieuro.it,false,false,false
nairabet.com,false,false,false
shink.me,false,false,false
bajalogratis.com,false,false,false
shop.fender.com,false,false,false
proz.com,false,false,false
nickiswift.com,false,false,false
comodo.com,true,false,false
rong360.com,false,false,true
igihe.com,false,false,false
rec-tube.com,false,false,true
torrentcounter.to,false,false,false
chongbuluo.com,false,false,false
wnflb.com,false,false,false
talab.org,false,true,false
geizhals.at,false,false,false
ontega.com,false,false,false
mydirtyhobby.com,false,false,false
atlasinfo.info,false,false,false
prestashop.com,true,false,false
hidratorrent.com,true,false,false
diariodocentrodomundo.com.br,false,false,false
special-alerts.com,false,false,false
aol.de,false,false,false
worldatlas.com,false,false,false
getemoji.com,false,false,false
pornorussia.tv,false,false,false
healthcare.gov,false,false,false
hlavnespravy.sk,true,false,false
panc.cc,false,false,false
portalff.tk,false,false,false
guce.oath.com,false,false,false
frolnk.com,false,false,false
campuslabs.com,false,false,false
swisscom.ch,false,false,false
suomi.fi,false,true,false
physicsforums.com,false,false,false
theinventory.com,false,false,false
awejmp.com,true,false,false
yamaha.com,false,false,false
prefeitura.sp.gov.br,false,false,false
mejorconsalud.com,false,false,false
portaleducacao.com.br,true,false,false
bankemardom.ir,false,false,false
superteacherworksheets.com,false,false,false
edoc.site,false,false,false
wileyplus.com,true,false,true
bikewale.com,false,false,false
gadgethacks.com,false,false,false
morazzia.com,false,false,false
capital.sp.gov.br,false,false,false
socialhub.online,false,false,false
livejasmin.com,true,false,false
translate.ru,false,false,false
pipspread.com,false,false,false
yungching.com.tw,false,false,false
taxguru.in,false,false,false
jisilu.cn,false,false,false
creativecommons.org,false,false,false
lse.ac.uk,true,false,false
songmeanings.com,false,false,false
zakzak.co.jp,false,false,false
alrajhibank.com.sa,false,false,false
jumia.co.ke,false,false,false
with2.net,false,false,false
mmafighting.com,false,false,false
pushedwebnews.com,false,false,false
naughtyblog.org,false,false,false
newspress.top,false,false,false
minijuegos.com,true,false,false
nolo.com,true,false,false
animemovil.com,false,false,false
gamebanana.com,false,false,false
celebrityinsider.org,true,true,false
bronav.com,false,true,false
enuri.com,false,false,false
sport.ua,false,true,false
verywellhealth.com,false,false,false
tyjnuomvpyt.com,false,false,false
mega.cl,false,false,false
escondeme.com,false,false,false
bale.ai,false,false,false
soyunpan.com,false,false,false
watch-series.co,false,false,false
ariba.com,false,true,false
immoweb.be,false,false,false
iplocation.net,false,false,false
solarmovie.one,false,false,false
swiki.jp,false,false,false
ellegirl.ru,false,false,false
apkmonk.com,false,false,false
zocdoc.com,false,true,false
ww2.watch-series.co,false,true,false
player.fm,false,false,false
mediaworld.it,false,false,false
seriestreaming.site,false,false,false
printful.com,false,false,false
say-move.org,false,false,false
biggerpockets.com,false,false,false
www1.solarmovie.one,false,false,false
radiorecord.ru,false,false,false
sdmoviespoint.club,false,false,false
bartleby.com,true,true,false
delhi.gov.in,false,false,false
srchsafe.com,false,false,false
serie.seriestreaming.site,false,false,false
tjx.com,false,false,false
ttwghjazutrinal.review,false,false,false
full-count.jp,false,false,false
skycn.com,false,false,false
tlauncher.org,false,false,false
wowcasino.net,false,false,false
rhfgjld.com,false,false,false
lada.ru,false,false,false
tailorbrands.com,true,false,false
freepeople.com,true,true,false
andrewgillum.com,false,false,false
ltt.ly,false,false,false
uzonline.uz,true,false,false
google.com.jm,false,false,false
filmeserialeonline.org,false,false,false
gate.cc,false,false,false
shinden.pl,false,false,false
slideplayer.com.br,false,false,false
showmax.com,true,false,false
king.com,false,false,false
fullhdfilmizle.life,false,false,false
maturealbum.com,false,false,false
searchprivacy.co,false,false,false
celeb.gate.cc,false,false,false
payment24.ir,false,false,false
twenga.de,false,false,false
pdftoword.com,false,false,false
torrentleech.org,false,false,true
yes24.vn,false,false,false
prokazi.com,false,false,false
coop-land.ru,true,false,false
maximonline.ru,false,false,false
sproutsocial.com,false,false,false
wootalk.today,false,false,false
google.com.na,false,false,false
guru3d.com,false,false,false
patoghu.com,false,false,false
zimuku.cn,false,false,false
random.org,false,false,false
alalam.ir,false,false,false
tweakers.net,false,false,false
cheatsheet.com,false,false,false
paris.fr,false,false,false
vktarget.ru,false,false,false
flixtor.to,false,false,true
pingone.com,false,false,false
bd-film.co,false,false,false
seriesgato.tv,false,false,false
varlamov.ru,false,false,false
acronis.com,false,false,false
knockporn.com,false,false,false
appscleaners.com,false,false,false
cleveland.com,true,false,false
camelcamelcamel.com,false,false,false
malavida.com,false,false,false
zhaoshangbao.com,false,false,false
alsolta.com,false,false,false
govdelivery.com,false,false,false
simpli.com,false,false,false
cognizant.com,false,false,false
aftoo.com,false,false,false
thenorthface.com,true,true,false
pingidentity.com,false,false,false
forumcommunity.net,false,false,false
twittervideodownloader.com,false,false,false
elfinanciero.com.mx,false,false,false
abb.com,false,false,false
mathworks.cn,false,false,false
aboutespanol.com,false,false,false
lottedfs.com,true,false,false
julian-fashion.com,false,false,false
new.abb.com,false,false,false
granicus.com,false,false,false
ww2.mathworks.cn,false,false,false
fastpeoplesearch.com,false,false,true
jillsclickcorner.com,false,false,false
bawagpsk.com,false,false,false
thenorthface.fr,true,true,false
paradoxwikis.com,false,false,false
chinafloor.cn,false,false,false
verywellfit.com,false,false,false
gothamist.com,false,false,false
hdchina.org,false,false,false
btbtt.co,false,false,false
jobs.com.pk,false,false,false
lunapic.com,false,false,false
tufos.com.br,false,false,false
skyeng.ru,false,true,false
rtgfh.pro,false,false,false
cinemablend.com,false,false,false
cinema-hd.tv,false,false,false
eng.lottedfs.com,true,false,false
hornbach.de,false,false,false
av.by,false,false,false
soccerstand.com,false,false,false
giveawayoftheday.com,false,false,false
printfriendly.com,false,false,true
on24.com,false,false,false
ua.edu,false,false,false
techonthenet.com,false,false,false
maturetube.com,false,false,false
ucanapply.com,false,false,false
vccs.edu,false,false,false
fgv.br,false,false,false
gter.net,false,false,false
gtavicecity.ru,false,false,false
speedrun.com,false,false,false
tool.lu,false,false,false
rutracker.net,false,false,false
quantrimang.com,false,false,false
sat24.com,false,false,false
seamless.com,true,true,true
bitforex.com,true,false,false
viadeo.com,true,true,false
portal.fgv.br,false,false,false
film.ru,false,false,false
noip.com,false,false,false
7-zip.org,false,false,false
virtualbox.org,false,false,false
btcclicks.com,true,true,false
vrporn.com,true,true,false
quikpayasp.com,false,false,false
superlzpre.com,false,false,false
socialmediaexaminer.com,true,false,false
songhouse.me,true,true,false
ovagames.com,false,false,false
ebay.in,false,false,false
law.go.kr,false,false,false
1mun.com,false,false,false
freeroms.com,false,false,false
insajderi.com,false,false,false
z8games.com,false,false,false
calculatorsoup.com,false,false,false
mobusi.com,false,false,false
gimp.org,false,false,false
360kan.com,false,false,false
caxiasdigital.com,false,false,false
voicetube.com,false,false,false
caclubindia.com,false,false,false
efectococuyo.com,false,false,false
pages.ebay.in,false,false,false
zerozero.pt,false,false,false
fr.viadeo.com,true,true,false
dayanzai.me,false,false,false
cdjapan.co.jp,false,false,false
directadvert.ru,false,false,false
starhit.ru,false,true,false
hbx.com,true,false,false
jiaoping.com,false,false,false
arrhow.xyz,false,false,false
ro88qcuy.com,false,false,false
mq.edu.au,true,false,false
quoka.de,true,false,false
lordfilm.tv,false,false,true
nationalreview.com,true,true,false
popsci.com,false,false,false
maisonsdumonde.com,true,true,false
frontlineeducation.com,false,false,false
pahe.in,false,false,false
optifine.net,false,false,false
dresslily.com,false,false,false
watchanime.info,false,false,true
koha.net,false,false,false
startv.com.tr,false,false,false
glgoo.top,false,false,false
paypal.me,false,false,false
picclick.com,false,false,false
wearehairy.com,false,false,false
uncomo.com,false,false,false
topescortbabes.com,false,false,false
techacademy.jp,false,false,false
suntory.co.jp,false,false,true
bonanza.com,false,false,false
groupon.co.uk,true,true,false
ralphlauren.com,true,true,false
animefreak.tv,true,true,false
hipertextual.com,false,false,false
rarbgtor.org,false,false,true
khelmahakumbh.org,false,false,false
smart-m-system.com,false,false,false
alphaporno.com,false,false,false
nightbot.tv,false,false,false
beta.nightbot.tv,false,false,false
thelastgame.ru,false,false,false
qantas.com,true,false,true
hatenadiary.jp,false,false,false
edaily.co.kr,false,false,false
csun.edu,false,false,false
freepornq.com,false,false,false
ralphlauren.fr,true,true,false
paisdelosjuegos.es,false,false,false
satu.kz,false,false,false
uvm.edu,false,false,false
busyteacher.org,false,false,false
rushporn.com,true,true,false
liveadoptimizer.com,false,false,false
manageengine.com,false,false,false
prepscholar.com,false,false,false
bytefence.com,false,false,false
tubedupe.com,false,true,false
loboclick.com,false,false,false
thebest.gr,true,false,false
25pp.com,false,false,false
porncomix.info,false,false,false
cocoachina.com,false,false,false
action-games.online,false,false,false
passion.ru,false,false,false
pinterest.se,false,false,false
greget.space,false,false,false
merchantwords.com,false,false,false
nsfc.gov.cn,false,false,false
cinematicket.org,false,false,false
modesens.com,false,false,false
womenshealthmag.com,false,false,false
torrentken.com,false,false,true
chinamenwang.com,false,false,false
livenation.com,true,true,false
gtainside.com,true,true,false
astro.com,false,false,false
shafaqna.com,false,false,false
brusheezy.com,false,false,false
kbstar.com,false,false,false
unipune.ac.in,false,false,false
handelsblatt.com,false,true,false
msdmanuals.com,false,false,true
afrikmag.com,false,false,false
sparkfun.com,false,false,false
bluewin.ch,true,true,false
hiweb.ir,false,false,false
goglogo.com,false,false,false
voici.fr,false,false,false
kkbox.com,false,false,false
dashnet.org,false,false,false
seword.com,false,false,false
fouremedia.com,false,false,false
whosampled.com,false,false,false
dll-files.com,false,false,false
archlinux.org,false,false,false
avidreaders.ru,false,false,false
gamerant.com,false,false,false
7ya.ru,false,false,false
tvnamu7.me,false,false,false
animesonlinebr.com.br,false,false,false
trud.com,false,false,false
argumenti.ru,true,true,false
bloody-disgusting.com,false,false,false
uptimecdn.com,false,false,false
harfetaze.com,false,false,false
tomodachinpo.com,false,false,false
scotch.io,false,false,false
investors.com,true,true,true
acuityscheduling.com,false,false,false
dardarkom.com,false,false,false
0j7z9aw6.top,false,false,false
shinezone.com,false,false,false
alef.ir,true,true,false
flvcd.com,false,false,false
muthead.com,false,false,false
sportsv.net,false,false,false
liverpool.com.mx,false,false,false
dardarkom.tv,false,false,false
linuxmint.com,false,false,false
pngimg.com,false,false,false
afco2go.com,false,false,false
subku.net,false,false,false
academy.com,false,false,false
iphones.ru,false,false,false
jikexueyuan.com,true,true,false
mp.nic.in,false,false,false
sarahah.com,false,false,false
ipage.com,true,false,false
public.gr,true,false,false
bolalob.com,false,false,false
enpareja.com,true,false,false
sarkarinaukridaily.in,false,false,false
saglik.gov.tr,false,false,false
meteo.gr,false,false,false
araskargo.com.tr,false,false,false
sdamgia.ru,false,false,false
ninemanga.com,false,false,false
carters.com,true,true,false
technopat.net,false,false,false
michigan.gov,false,false,false
airbnb.com.au,true,false,false
kkday.com,true,false,false
dn.pt,true,true,false
dni.ru,true,true,false
valuecommerce.ne.jp,false,false,false
jora.com,false,false,false
videospornosos.com,false,false,false
pronto.com,false,false,false
clevernt.com,false,false,false
legendas.tv,false,false,false
bankaustria.at,false,false,false
nash-dom2.su,false,false,false
hstpnetwork.com,false,false,false
wayne.edu,true,false,false
filmstreaming1.xyz,false,false,false
wallst.com,false,false,false
tlscontact.com,false,false,false
kuaishou.com,false,false,false
mylot.com,false,false,false
horoscope.com,false,false,false
d20pfsrd.com,false,false,false
peggo.tv,false,false,false
ciliba.me,false,false,false
ucm.es,false,false,false
foxitsoftware.com,true,false,false
w3cschool.cn,false,false,false
which.co.uk,false,false,false
soccerline.kr,false,false,false
corp.tlscontact.com,false,false,false
chinaswitch.com,false,false,false
ihsmarkit.com,false,false,false
gry-online.pl,false,false,false
home.pl,true,true,false
notebooksbilliger.de,true,true,true
bursadabugun.com,false,false,false
gushiwen.org,false,false,false
secretcv.com,false,false,false
alnilin.com,false,false,false
arrlnk.com,false,false,false
istar.cn,false,false,false
adjara.com,false,false,false
redocn.com,false,false,false
gov.bc.ca,false,false,false
edusite.ru,false,false,false
hihi2.com,false,false,false
si.edu,false,false,false
mokahr.com,false,false,false
uky.edu,false,false,false
booktxt.net,false,false,true
webmotors.com.br,false,false,true
xici.net,false,false,false
logsoku.com,false,false,false
myflorida.com,false,false,false
poparya.com,false,false,false
sparebank1.no,false,false,false
vivabem.uol.com.br,false,false,false
carrefour.fr,false,false,false
vu.edu.pk,false,false,false
rankedboost.com,false,false,false
filebase.ws,false,false,false
unblocked.lol,false,false,false
wired.jp,true,true,false
kidshealth.org,false,false,false
weforum.org,false,false,false
twentytwowords.com,true,true,true
vpnmentor.com,false,false,false
neuvoo.com,false,false,false
www2.gov.bc.ca,false,false,false
ixigua.com,true,true,false
whois.net,false,false,false
reg.ru,true,false,false
codechef.com,true,false,false
deita.ru,true,true,false
myspicylinks.com,true,false,false
rencaijob.com,false,false,false
rtp.pt,false,false,false
autotask.net,false,false,false
watchcartoonsonline.la,false,false,true
powvideo.cc,false,false,false
spicyoffers.com,true,false,false
fantia.jp,false,false,false
kproxy.com,false,false,false
hartgeld.com,false,false,false
viid.me,true,false,false
stc.com.sa,false,false,false
annonceintime.com,false,false,false
daily.mk,false,false,false
cool18.com,false,false,false
mixporn24.com,false,false,false
designboom.com,true,false,false
sidereel.com,false,false,false
mp3indirdur.mobi,false,false,false
goscr.org,false,false,false
svscomics.com,false,false,false
shorte.st,true,false,false
o2.co.uk,true,false,false
openloadmovies.net,false,false,false
wotspeak.ru,false,false,false
archive.fo,false,false,false
mkyong.com,false,false,false
audioz.download,false,false,false
nttxstore.jp,false,false,false
muchohentai.com,false,false,false
kogama.com,false,false,false
rosserial.net,false,false,false
drive2.com,false,false,false
jetcost.com,false,false,false
mdr.de,false,false,false
av.movie,false,false,false
neets.cc,false,false,false
priceprice.com,false,false,false
intercom.io,true,false,false
sportsguru.in,false,false,false
lamar.edu,false,false,false
onehallyu.com,false,false,false
shpock.com,false,false,false
piktochart.com,false,false,false
banggood.cn,false,false,false
st.com,true,false,false
targobank.de,false,false,false
nocutnews.co.kr,false,false,false
sobaidupan.com,false,false,false
buenosaires.gob.ar,false,false,false
mirrormedia.mg,false,false,false
www1.sportsguru.in,false,false,false
auto-swiat.pl,false,false,false
fr.shpock.com,false,false,false
ufc.com,false,false,false
philly.com,true,false,false
ph.priceprice.com,false,false,false
flashnews.gr,false,false,false
tuttosport.com,false,false,false
bidorbuy.co.za,false,false,false
express.de,true,true,false
intercom.com,true,false,false
eztravel.com.tw,false,false,false
wenjuan.com,false,false,false
news-postseven.com,false,false,false
rulit.me,false,false,false
dnevnik.hr,true,true,false
snu.ac.kr,false,false,false
tetew.info,false,false,false
rarbg2018.org,false,false,false
proza.ru,false,false,false
slideplayer.es,false,false,false
google.mu,false,false,false
fr.ufc.com,false,false,false
ionicframework.com,false,false,false
williamhill.com,false,false,false
speedvideo.net,false,false,false
alquds.co.uk,false,false,false
iceimg.net,false,false,false
torrentdownload.ch,true,false,false
tgrthaber.com.tr,false,false,false
fap-nation.com,false,false,false
miami.edu,false,false,false
withoutworking.com,false,false,false
wav.tv,false,false,false
fontanka.ru,true,true,false
tusciaweb.eu,true,false,false
citizentv.co.ke,false,false,false
porndroids.com,false,false,false
vippers.jp,false,true,false
pwc.com,false,false,true
ru-m.org,false,false,false
welcome.miami.edu,false,false,false
powtoon.com,false,false,false
yelp.ca,true,true,false
picresize.com,false,false,false
qingting.fm,false,false,false
lifezette.com,false,false,false
surrenderat20.net,false,false,false
en.wav.tv,false,false,false
bhg.com,false,false,false
tvline.com,true,true,false
socialnewpagessearch.com,false,false,false
ettv.tv,false,true,false
iscanews.ir,false,false,false
howto-news.info,false,false,false
mercadopago.com.ar,true,false,false
yo-sex.com,false,false,false
yande.re,false,false,false
joomla.org,false,false,false
naasongs.me,false,false,false
corsair.com,false,true,false
lrytas.lt,false,false,false
678pan.vip,false,false,false
rahvar120.ir,false,false,false
olx.ph,false,false,true
techfrag.com,true,true,false
nintendolife.com,false,false,false
wipo.int,false,false,false
kat.ag,false,false,false
jinshuju.net,false,false,false
guchill.com,false,true,false
1movies.is,false,true,false
core.ac.uk,false,false,false
tinypic.com,false,false,false
i-mobile.co.jp,false,false,false
savetomp3.com,false,true,false
gaijinpot.com,false,false,false
www1.1movies.is,false,true,false
partis.si,false,false,false
informationng.com,false,false,false
kickass.sx,false,false,false
dizibox.pw,false,false,false
cilimao.me,false,false,false
dgtle.com,false,false,false
savetomp3.cc,false,true,false
ntdtv.kr,false,false,false
oxylane.com,false,false,false
fullprogramlarindir.com,false,false,false
oray.com,false,false,false
clicknshare.net,false,false,false
101vn.com,false,false,false
rosinfonews.ru,false,false,true
pximg.net,false,false,false
turkanime.tv,false,true,false
hotnigerianjobs.com,false,false,false
emu.dk,false,false,false
xcite.com,false,true,false
mobilekomak.com,false,false,false
bellesa.co,false,false,false
decathlon-united.com,false,false,false
tivi.101vn.com,false,false,false
speedtest.cn,false,false,false
duniaku.net,false,false,false
144chan.pk,false,false,false
hirunews.lk,false,false,false
asos.de,true,true,true
seeking.com,true,false,false
mycdn.me,false,false,false
tnpscexams.in,false,false,false
las2orillas.co,true,false,false
gamovideo.com,false,false,false
buscape.com.br,true,false,false
rozee.pk,false,false,false
lucky88.com,true,false,false
cdek.ru,false,false,false
cmjornal.pt,true,true,false
serie-streaming.cc,false,false,false
veoh.com,false,false,false
rice.edu,true,true,false
voenhronika.ru,false,false,false
sedaily.com,false,false,false
fr.serie-streaming.ws,false,false,false
hotnews.ro,true,false,false
unibo.it,false,false,false
ig.com,false,false,false
monetizze.com.br,false,false,false
moovitapp.com,true,true,false
ntvspor.net,false,false,false
getformsonline.com,false,false,false
totoria.co,false,false,false
ui.cn,false,false,false
theblaze.com,true,false,false
lbldy.com,false,false,false
decider.com,true,true,false
mb.com.ph,false,false,false
moovit.com,true,true,false
telegraf.rs,false,false,false
forebet.com,false,false,false
google.bf,false,false,false
axar.az,false,true,false
opencv.org,false,false,false
all.biz,false,false,false
hizliresim.com,false,false,false
fiu.edu,false,false,false
rsload.net,false,false,false
ce.cn,false,false,false
tonkosti.ru,false,false,false
chatango.com,false,false,false
uc.pt,false,false,false
audioblocks.com,true,true,false
iitb.ac.in,false,false,false
m.ce.cn,false,false,false
twizz.ru,false,false,false
medsci.cn,false,false,false
defimedia.info,false,false,false
granma.cu,false,false,false
hardwarezone.com.sg,false,false,false
adpixo.com,false,false,false
hdfilmizletc.com,false,false,false
eventim.de,false,false,true
slaati.com,false,false,false
m.medsci.cn,false,false,false
sexv.video,false,false,false
vidz7.com,false,false,false
matplotlib.org,false,false,false
hodu12.com,false,false,true
mysku.ru,true,false,false
m.defimedia.info,false,false,false
recommendedforyou.xyz,false,false,false
erodate.pl,false,false,false
morganstanley.com,false,false,false
avon.ru,false,false,false
falabella.com,true,false,false
persianblog.ir,false,false,false
segundamano.mx,true,false,false
eleftherostypos.gr,false,false,false
rarbgunblocked.org,false,false,true
adslzone.net,false,false,false
b17.ru,false,false,false
dnaindia.com,false,false,false
gomiblog.com,false,false,true
antena3.com,true,true,false
dobreprogramy.pl,true,true,false
expresstabloid.ba,false,false,false
weatherbug.com,false,true,false
aigei.com,false,false,false
cashbery.com,false,false,false
beritasatu.com,false,false,false
advanceautoparts.com,false,false,true
gunbroker.com,false,false,false
jamiiforums.com,false,false,false
shangxueba.com,false,false,false
kmib.co.kr,false,false,false
chushou.tv,false,false,false
batepapo.uol.com.br,true,false,false
zdic.net,false,false,false
fptplay.vn,false,false,false
nielit.gov.in,false,false,false
administradores.com.br,true,false,false
huihui.cn,false,false,false
jbzdy.pl,true,true,false
stirileprotv.ro,true,true,false
cronista.com,false,false,false
putlockerr.is,false,false,false
uzzf.com,false,false,false
www5.putlockerr.is,false,true,false
dilei.it,false,false,false
tuliu.com,false,false,false
wmj.ru,false,false,false
ahrefs.com,false,true,false
liveuamap.com,false,true,false
javwhores.com,true,false,false
vodafone.com.tr,false,false,false
millenniumbcp.pt,false,false,false
wanyx.com,false,false,false
ind.millenniumbcp.pt,false,false,false
bongdaplus.vn,true,false,false
downcc.com,false,false,false
petco.com,true,true,false